building_id,xml_filename,should_run_simulation,OccupancyClassification
223,223.xml,1,Office
484,484.xml,1,Office
759,759.xml,1,Office
1032,1032.xml,1,Office
1090,1090.xml,1,Office
1142,1142.xml,1,Office
1202,1202.xml,1,Office
1270,1270.xml,1,Office
1272,1272.xml,1,Office
1322,1322.xml,1,Office
1337,1337.xml,1,Office
1391,1391.xml,1,Office
1419,1419.xml,1,Office
1481,1481.xml,1,Office
1494,1494.xml,1,Office
1497,1497.xml,1,Office
1574,1574.xml,1,Office
1577,1577.xml,0,Office
1602,1602.xml,0,Office
1627,1627.xml,0,Office
1720,1720.xml,0,Office
1730,1730.xml,0,Office
1734,1734.xml,0,Office
1738,1738.xml,0,Office
1752,1752.xml,0,Office
1796,1796.xml,0,Office
1817,1817.xml,0,Office
1853,1853.xml,0,Office
1860,1860.xml,0,Office
1896,1896.xml,0,Office
1908,1908.xml,0,Office
1921,1921.xml,0,Office
1941,1941.xml,0,Office
2054,2054.xml,0,Office
2055,2055.xml,0,Office
2097,2097.xml,0,Office
2144,2144.xml,0,Office
2147,2147.xml,0,Office
2165,2165.xml,0,Office
2223,2223.xml,0,Office
2238,2238.xml,0,Office
2241,2241.xml,0,Office
2272,2272.xml,0,Office
2289,2289.xml,0,Office
2290,2290.xml,0,Office
2429,2429.xml,0,Office
2445,2445.xml,0,Office
2508,2508.xml,0,Office
2531,2531.xml,0,Office
2584,2584.xml,0,Office
2598,2598.xml,0,Office
2621,2621.xml,0,Office
2657,2657.xml,0,Office
2680,2680.xml,0,Office
2695,2695.xml,0,Office
2796,2796.xml,0,Office
2821,2821.xml,0,Office
2840,2840.xml,0,Office
2848,2848.xml,0,Office
2852,2852.xml,0,Office
2950,2950.xml,0,Office
2987,2987.xml,0,Office
2992,2992.xml,0,Office
3005,3005.xml,0,Office
3009,3009.xml,0,Office
3024,3024.xml,0,Office
3080,3080.xml,0,Office
3107,3107.xml,0,Office
3152,3152.xml,0,Office
3153,3153.xml,0,Office
3193,3193.xml,0,Office
3237,3237.xml,0,Office
3286,3286.xml,0,Office
3304,3304.xml,0,Office
3335,3335.xml,0,Office
3337,3337.xml,0,Office
3424,3424.xml,0,Office
3517,3517.xml,0,Office
3549,3549.xml,0,Office
3564,3564.xml,0,Office
3608,3608.xml,0,Office
3614,3614.xml,0,Office
3622,3622.xml,0,Office
3671,3671.xml,0,Office
3684,3684.xml,0,Office
3727,3727.xml,0,Office
3764,3764.xml,0,Office
3769,3769.xml,0,Office
3804,3804.xml,0,Office
3809,3809.xml,0,Office
3825,3825.xml,0,Office
3832,3832.xml,0,Office
3982,3982.xml,0,Office
4026,4026.xml,0,Office
4053,4053.xml,0,Office
4066,4066.xml,0,Office
4093,4093.xml,0,Office
4102,4102.xml,0,Office
4196,4196.xml,0,Office
4214,4214.xml,0,Office
4253,4253.xml,0,Office
4259,4259.xml,0,Office
4269,4269.xml,0,Office
4280,4280.xml,0,Office
4317,4317.xml,0,Office
4366,4366.xml,0,Office
4369,4369.xml,0,Office
4375,4375.xml,0,Office
4391,4391.xml,0,Office
4403,4403.xml,0,Office
4422,4422.xml,0,Office
4430,4430.xml,0,Office
4439,4439.xml,0,Office
4477,4477.xml,0,Office
4485,4485.xml,0,Office
4508,4508.xml,0,Office
4516,4516.xml,0,Office
4543,4543.xml,0,Office
4547,4547.xml,0,Office
4602,4602.xml,0,Office
4639,4639.xml,0,Office
4646,4646.xml,0,Office
4670,4670.xml,0,Office
4677,4677.xml,0,Office
4686,4686.xml,0,Office
4799,4799.xml,0,Office
4830,4830.xml,0,Office
4844,4844.xml,0,Office
4888,4888.xml,0,Office
4907,4907.xml,0,Office
4915,4915.xml,0,Office
4931,4931.xml,0,Office
4942,4942.xml,0,Office
4984,4984.xml,0,Office
4992,4992.xml,0,Office
4994,4994.xml,0,Office
5005,5005.xml,0,Office
5054,5054.xml,0,Office
5087,5087.xml,0,Office
5099,5099.xml,0,Office
5119,5119.xml,0,Office
5173,5173.xml,0,Office
5194,5194.xml,0,Office
5244,5244.xml,0,Office
5255,5255.xml,0,Office
5328,5328.xml,0,Office
5353,5353.xml,0,Office
5460,5460.xml,0,Office
5464,5464.xml,0,Office
5528,5528.xml,0,Office
5549,5549.xml,0,Office
5559,5559.xml,0,Office
5563,5563.xml,0,Office
5588,5588.xml,0,Office
5614,5614.xml,0,Office
5619,5619.xml,0,Office
5677,5677.xml,0,Office
5684,5684.xml,0,Office
5789,5789.xml,0,Office
5818,5818.xml,0,Office
5871,5871.xml,0,Office
5883,5883.xml,0,Office
5946,5946.xml,0,Office
6070,6070.xml,0,Office
6071,6071.xml,0,Office
6147,6147.xml,0,Office
6173,6173.xml,0,Office
6181,6181.xml,0,Office
6194,6194.xml,0,Office
6201,6201.xml,0,Office
6288,6288.xml,0,Office
6309,6309.xml,0,Office
6340,6340.xml,0,Office
6376,6376.xml,0,Office
6396,6396.xml,0,Office
6411,6411.xml,0,Office
6416,6416.xml,0,Office
6430,6430.xml,0,Office
6648,6648.xml,0,Office
6707,6707.xml,0,Office
6728,6728.xml,0,Office
6772,6772.xml,0,Office
6789,6789.xml,0,Office
6797,6797.xml,0,Office
6824,6824.xml,0,Office
6875,6875.xml,0,Office
6904,6904.xml,0,Office
6963,6963.xml,0,Office
7121,7121.xml,0,Office
7223,7223.xml,0,Office
7236,7236.xml,0,Office
7278,7278.xml,0,Office
7290,7290.xml,0,Office
7315,7315.xml,0,Office
7333,7333.xml,0,Office
7355,7355.xml,0,Office
7362,7362.xml,0,Office
7371,7371.xml,0,Office
7400,7400.xml,0,Office
7469,7469.xml,0,Office
7472,7472.xml,0,Office
7483,7483.xml,0,Office
7494,7494.xml,0,Office
7575,7575.xml,0,Office
7591,7591.xml,0,Office
7594,7594.xml,0,Office
7641,7641.xml,0,Office
7679,7679.xml,0,Office
7696,7696.xml,0,Office
7701,7701.xml,0,Office
7712,7712.xml,0,Office
7779,7779.xml,0,Office
7812,7812.xml,0,Office
7871,7871.xml,0,Office
7945,7945.xml,0,Office
7984,7984.xml,0,Office
8060,8060.xml,0,Office
8095,8095.xml,0,Office
8115,8115.xml,0,Office
8194,8194.xml,0,Office
8227,8227.xml,0,Office
8238,8238.xml,0,Office
8334,8334.xml,0,Office
8362,8362.xml,0,Office
8383,8383.xml,0,Office
8424,8424.xml,0,Office
8457,8457.xml,0,Office
8499,8499.xml,0,Office
8516,8516.xml,0,Office
8564,8564.xml,0,Office
8585,8585.xml,0,Office
8605,8605.xml,0,Office
8631,8631.xml,0,Office
8663,8663.xml,0,Office
8684,8684.xml,0,Office
8716,8716.xml,0,Office
8734,8734.xml,0,Office
8742,8742.xml,0,Office
8749,8749.xml,0,Office
8761,8761.xml,0,Office
8823,8823.xml,0,Office
8838,8838.xml,0,Office
8843,8843.xml,0,Office
8888,8888.xml,0,Office
8898,8898.xml,0,Office
9017,9017.xml,0,Office
9058,9058.xml,0,Office
9079,9079.xml,0,Office
9086,9086.xml,0,Office
9095,9095.xml,0,Office
9119,9119.xml,0,Office
9155,9155.xml,0,Office
9179,9179.xml,0,Office
9186,9186.xml,0,Office
9203,9203.xml,0,Office
9208,9208.xml,0,Office
9211,9211.xml,0,Office
9229,9229.xml,0,Office
9236,9236.xml,0,Office
9304,9304.xml,0,Office
9335,9335.xml,0,Office
9347,9347.xml,0,Office
9394,9394.xml,0,Office
9405,9405.xml,0,Office
9409,9409.xml,0,Office
9455,9455.xml,0,Office
9478,9478.xml,0,Office
9511,9511.xml,0,Office
9609,9609.xml,0,Office
9647,9647.xml,0,Office
9774,9774.xml,0,Office
9818,9818.xml,0,Office
9849,9849.xml,0,Office
9853,9853.xml,0,Office
9901,9901.xml,0,Office
9912,9912.xml,0,Office
9940,9940.xml,0,Office
9976,9976.xml,0,Office
9988,9988.xml,0,Office
10027,10027.xml,0,Office
10119,10119.xml,0,Office
10161,10161.xml,0,Office
10198,10198.xml,0,Office
10281,10281.xml,0,Office
10380,10380.xml,0,Office
10443,10443.xml,0,Office
10446,10446.xml,0,Office
10474,10474.xml,0,Office
10505,10505.xml,0,Office
10577,10577.xml,0,Office
10697,10697.xml,0,Office
10729,10729.xml,0,Office
10750,10750.xml,0,Office
10801,10801.xml,0,Office
10833,10833.xml,0,Office
10876,10876.xml,0,Office
11020,11020.xml,0,Office
11105,11105.xml,0,Office
11147,11147.xml,0,Office
11150,11150.xml,0,Office
11192,11192.xml,0,Office
11222,11222.xml,0,Office
11351,11351.xml,0,Office
11429,11429.xml,0,Office
11454,11454.xml,0,Office
11507,11507.xml,0,Office
11529,11529.xml,0,Office
11536,11536.xml,0,Office
11547,11547.xml,0,Office
11581,11581.xml,0,Office
11590,11590.xml,0,Office
11747,11747.xml,0,Office
11749,11749.xml,0,Office
11781,11781.xml,0,Office
11933,11933.xml,0,Office
12097,12097.xml,0,Office
12099,12099.xml,0,Office
12192,12192.xml,0,Office
12314,12314.xml,0,Office
12328,12328.xml,0,Office
12339,12339.xml,0,Office
12351,12351.xml,0,Office
12380,12380.xml,0,Office
12557,12557.xml,0,Office
12588,12588.xml,0,Office
12604,12604.xml,0,Office
12621,12621.xml,0,Office
12646,12646.xml,0,Office
12654,12654.xml,0,Office
12713,12713.xml,0,Office
12935,12935.xml,0,Office
13062,13062.xml,0,Office
13255,13255.xml,0,Office
13478,13478.xml,0,Office
13487,13487.xml,0,Office
13539,13539.xml,0,Office
13576,13576.xml,0,Office
13580,13580.xml,0,Office
13676,13676.xml,0,Office
13890,13890.xml,0,Office
13946,13946.xml,0,Office
14012,14012.xml,0,Office
14168,14168.xml,0,Office
14193,14193.xml,0,Office
14404,14404.xml,0,Office
14453,14453.xml,0,Office
14459,14459.xml,0,Office
14514,14514.xml,0,Office
14520,14520.xml,0,Office
14530,14530.xml,0,Office
14564,14564.xml,0,Office
14736,14736.xml,0,Office
14870,14870.xml,0,Office
14922,14922.xml,0,Office
14931,14931.xml,0,Office
14935,14935.xml,0,Office
15078,15078.xml,0,Office
15132,15132.xml,0,Office
15161,15161.xml,0,Office
15271,15271.xml,0,Office
15316,15316.xml,0,Office
15317,15317.xml,0,Office
15489,15489.xml,0,Office
15559,15559.xml,0,Office
15613,15613.xml,0,Office
15622,15622.xml,0,Office
15647,15647.xml,0,Office
15693,15693.xml,0,Office
15715,15715.xml,0,Office
15801,15801.xml,0,Office
15839,15839.xml,0,Office
15863,15863.xml,0,Office
15951,15951.xml,0,Office
15965,15965.xml,0,Office
16077,16077.xml,0,Office
16352,16352.xml,0,Office
16418,16418.xml,0,Office
16488,16488.xml,0,Office
16588,16588.xml,0,Office
16709,16709.xml,0,Office
16736,16736.xml,0,Office
16789,16789.xml,0,Office
16967,16967.xml,0,Office
17006,17006.xml,0,Office
17026,17026.xml,0,Office
17029,17029.xml,0,Office
17094,17094.xml,0,Office
17322,17322.xml,0,Office
17435,17435.xml,0,Office
17465,17465.xml,0,Office
17565,17565.xml,0,Office
17886,17886.xml,0,Office
18046,18046.xml,0,Office
18103,18103.xml,0,Office
18187,18187.xml,0,Office
18401,18401.xml,0,Office
18433,18433.xml,0,Office
18532,18532.xml,0,Office
18693,18693.xml,0,Office
18926,18926.xml,0,Office
19206,19206.xml,0,Office
19244,19244.xml,0,Office
19255,19255.xml,0,Office
19280,19280.xml,0,Office
19319,19319.xml,0,Office
19377,19377.xml,0,Office
20042,20042.xml,0,Office
20192,20192.xml,0,Office
20344,20344.xml,0,Office
20574,20574.xml,0,Office
20608,20608.xml,0,Office
20728,20728.xml,0,Office
21037,21037.xml,0,Office
21076,21076.xml,0,Office
21332,21332.xml,0,Office
21609,21609.xml,0,Office
21658,21658.xml,0,Office
21930,21930.xml,0,Office
22020,22020.xml,0,Office
22100,22100.xml,0,Office
22102,22102.xml,0,Office
22197,22197.xml,0,Office
22313,22313.xml,0,Office
22961,22961.xml,0,Office
23083,23083.xml,0,Office
23099,23099.xml,0,Office
23100,23100.xml,0,Office
23559,23559.xml,0,Office
23879,23879.xml,0,Office
24149,24149.xml,0,Office
24194,24194.xml,0,Office
24304,24304.xml,0,Office
24390,24390.xml,0,Office
24470,24470.xml,0,Office
24624,24624.xml,0,Office
24646,24646.xml,0,Office
25601,25601.xml,0,Office
25799,25799.xml,0,Office
25935,25935.xml,0,Office
26064,26064.xml,0,Office
26313,26313.xml,0,Office
26642,26642.xml,0,Office
26879,26879.xml,0,Office
26980,26980.xml,0,Office
27761,27761.xml,0,Office
27805,27805.xml,0,Office
28040,28040.xml,0,Office
28070,28070.xml,0,Office
28120,28120.xml,0,Office
28211,28211.xml,0,Office
28212,28212.xml,0,Office
28397,28397.xml,0,Office
28741,28741.xml,0,Office
29499,29499.xml,0,Office
29644,29644.xml,0,Office
29905,29905.xml,0,Office
30134,30134.xml,0,Office
30383,30383.xml,0,Office
30440,30440.xml,0,Office
30681,30681.xml,0,Office
30843,30843.xml,0,Office
30889,30889.xml,0,Office
31306,31306.xml,0,Office
31410,31410.xml,0,Office
31673,31673.xml,0,Office
32006,32006.xml,0,Office
32357,32357.xml,0,Office
32466,32466.xml,0,Office
32501,32501.xml,0,Office
32542,32542.xml,0,Office
32995,32995.xml,0,Office
33368,33368.xml,0,Office
33439,33439.xml,0,Office
33550,33550.xml,0,Office
33676,33676.xml,0,Office
33755,33755.xml,0,Office
33766,33766.xml,0,Office
34387,34387.xml,0,Office
34698,34698.xml,0,Office
35127,35127.xml,0,Office
35455,35455.xml,0,Office
35646,35646.xml,0,Office
36483,36483.xml,0,Office
36610,36610.xml,0,Office
37962,37962.xml,0,Office
38107,38107.xml,0,Office
38443,38443.xml,0,Office
39134,39134.xml,0,Office
39342,39342.xml,0,Office
39405,39405.xml,0,Office
40003,40003.xml,0,Office
40185,40185.xml,0,Office
40761,40761.xml,0,Office
41077,41077.xml,0,Office
41489,41489.xml,0,Office
41678,41678.xml,0,Office
41756,41756.xml,0,Office
41871,41871.xml,0,Office
45546,45546.xml,0,Office
46496,46496.xml,0,Office
47873,47873.xml,0,Office
49857,49857.xml,0,Office
49858,49858.xml,0,Office
50885,50885.xml,0,Office
51293,51293.xml,0,Office
51496,51496.xml,0,Office
51774,51774.xml,0,Office
52782,52782.xml,0,Office
53033,53033.xml,0,Office
53348,53348.xml,0,Office
54399,54399.xml,0,Office
57851,57851.xml,0,Office
58170,58170.xml,0,Office
62097,62097.xml,0,Office
64424,64424.xml,0,Office
67137,67137.xml,0,Office
67314,67314.xml,0,Office
70678,70678.xml,0,Office
72241,72241.xml,0,Office
72431,72431.xml,0,Office
74879,74879.xml,0,Office
75852,75852.xml,0,Office
76634,76634.xml,0,Office
81750,81750.xml,0,Office
82562,82562.xml,0,Office
84777,84777.xml,0,Office
86162,86162.xml,0,Office
87997,87997.xml,0,Office
88801,88801.xml,0,Office
89148,89148.xml,0,Office
91900,91900.xml,0,Office
94625,94625.xml,0,Office
95389,95389.xml,0,Office
102924,102924.xml,0,Office
104027,104027.xml,0,Office
104590,104590.xml,0,Office
109587,109587.xml,0,Office
109840,109840.xml,0,Office
110923,110923.xml,0,Office
111357,111357.xml,0,Office
112408,112408.xml,0,Office
112751,112751.xml,0,Office
116685,116685.xml,0,Office
117767,117767.xml,0,Office
122169,122169.xml,0,Office
122280,122280.xml,0,Office
126841,126841.xml,0,Office
128639,128639.xml,0,Office
134425,134425.xml,0,Office
142647,142647.xml,0,Office
143201,143201.xml,0,Office
148093,148093.xml,0,Office
149292,149292.xml,0,Office
149567,149567.xml,0,Office
153424,153424.xml,0,Office
153776,153776.xml,0,Office
155297,155297.xml,0,Office
156549,156549.xml,0,Office
157164,157164.xml,0,Office
157281,157281.xml,0,Office
158544,158544.xml,0,Office
159376,159376.xml,0,Office
159713,159713.xml,0,Office
160996,160996.xml,0,Office
162439,162439.xml,0,Office
3059,3059.xml,0,Other
3473,3473.xml,0,Other
5751,5751.xml,0,Other
15205,15205.xml,0,Other
16236,16236.xml,0,Other
18709,18709.xml,0,Other
171,171.xml,1,Residential
242,242.xml,1,Residential
362,362.xml,1,Residential
427,427.xml,1,Residential
471,471.xml,1,Residential
641,641.xml,1,Residential
712,712.xml,1,Residential
830,830.xml,1,Residential
860,860.xml,1,Residential
903,903.xml,1,Residential
913,913.xml,1,Residential
1059,1059.xml,1,Residential
1288,1288.xml,1,Residential
1370,1370.xml,1,Residential
1375,1375.xml,1,Residential
1412,1412.xml,1,Residential
1441,1441.xml,1,Residential
1519,1519.xml,1,Residential
1582,1582.xml,0,Residential
1628,1628.xml,0,Residential
1637,1637.xml,0,Residential
1701,1701.xml,0,Residential
1760,1760.xml,0,Residential
1781,1781.xml,0,Residential
1798,1798.xml,0,Residential
1809,1809.xml,0,Residential
1833,1833.xml,0,Residential
1852,1852.xml,0,Residential
1863,1863.xml,0,Residential
1871,1871.xml,0,Residential
1917,1917.xml,0,Residential
1982,1982.xml,0,Residential
1985,1985.xml,0,Residential
1997,1997.xml,0,Residential
2003,2003.xml,0,Residential
2009,2009.xml,0,Residential
2032,2032.xml,0,Residential
2095,2095.xml,0,Residential
2103,2103.xml,0,Residential
2174,2174.xml,0,Residential
2191,2191.xml,0,Residential
2208,2208.xml,0,Residential
2220,2220.xml,0,Residential
2312,2312.xml,0,Residential
2357,2357.xml,0,Residential
2385,2385.xml,0,Residential
2388,2388.xml,0,Residential
2407,2407.xml,0,Residential
2421,2421.xml,0,Residential
2444,2444.xml,0,Residential
2530,2530.xml,0,Residential
2567,2567.xml,0,Residential
2591,2591.xml,0,Residential
2601,2601.xml,0,Residential
2602,2602.xml,0,Residential
2722,2722.xml,0,Residential
2746,2746.xml,0,Residential
2750,2750.xml,0,Residential
2772,2772.xml,0,Residential
2794,2794.xml,0,Residential
2802,2802.xml,0,Residential
2810,2810.xml,0,Residential
2844,2844.xml,0,Residential
2860,2860.xml,0,Residential
2876,2876.xml,0,Residential
2930,2930.xml,0,Residential
2977,2977.xml,0,Residential
2998,2998.xml,0,Residential
3020,3020.xml,0,Residential
3053,3053.xml,0,Residential
3068,3068.xml,0,Residential
3071,3071.xml,0,Residential
3075,3075.xml,0,Residential
3150,3150.xml,0,Residential
3162,3162.xml,0,Residential
3163,3163.xml,0,Residential
3172,3172.xml,0,Residential
3192,3192.xml,0,Residential
3199,3199.xml,0,Residential
3344,3344.xml,0,Residential
3366,3366.xml,0,Residential
3372,3372.xml,0,Residential
3385,3385.xml,0,Residential
3407,3407.xml,0,Residential
3441,3441.xml,0,Residential
3465,3465.xml,0,Residential
3537,3537.xml,0,Residential
3540,3540.xml,0,Residential
3647,3647.xml,0,Residential
3678,3678.xml,0,Residential
3680,3680.xml,0,Residential
3695,3695.xml,0,Residential
3711,3711.xml,0,Residential
3712,3712.xml,0,Residential
3720,3720.xml,0,Residential
3721,3721.xml,0,Residential
3735,3735.xml,0,Residential
3803,3803.xml,0,Residential
3817,3817.xml,0,Residential
3856,3856.xml,0,Residential
3883,3883.xml,0,Residential
3905,3905.xml,0,Residential
3934,3934.xml,0,Residential
4008,4008.xml,0,Residential
4021,4021.xml,0,Residential
4031,4031.xml,0,Residential
4050,4050.xml,0,Residential
4098,4098.xml,0,Residential
4124,4124.xml,0,Residential
4145,4145.xml,0,Residential
4167,4167.xml,0,Residential
4258,4258.xml,0,Residential
4263,4263.xml,0,Residential
4306,4306.xml,0,Residential
4378,4378.xml,0,Residential
4384,4384.xml,0,Residential
4388,4388.xml,0,Residential
4406,4406.xml,0,Residential
4431,4431.xml,0,Residential
4444,4444.xml,0,Residential
4503,4503.xml,0,Residential
4581,4581.xml,0,Residential
4655,4655.xml,0,Residential
4707,4707.xml,0,Residential
4922,4922.xml,0,Residential
4926,4926.xml,0,Residential
4943,4943.xml,0,Residential
4962,4962.xml,0,Residential
4963,4963.xml,0,Residential
4979,4979.xml,0,Residential
5031,5031.xml,0,Residential
5073,5073.xml,0,Residential
5101,5101.xml,0,Residential
5110,5110.xml,0,Residential
5165,5165.xml,0,Residential
5220,5220.xml,0,Residential
5364,5364.xml,0,Residential
5371,5371.xml,0,Residential
5416,5416.xml,0,Residential
5424,5424.xml,0,Residential
5455,5455.xml,0,Residential
5493,5493.xml,0,Residential
5509,5509.xml,0,Residential
5524,5524.xml,0,Residential
5540,5540.xml,0,Residential
5546,5546.xml,0,Residential
5577,5577.xml,0,Residential
5589,5589.xml,0,Residential
5595,5595.xml,0,Residential
5602,5602.xml,0,Residential
5616,5616.xml,0,Residential
5620,5620.xml,0,Residential
5626,5626.xml,0,Residential
5650,5650.xml,0,Residential
5654,5654.xml,0,Residential
5658,5658.xml,0,Residential
5712,5712.xml,0,Residential
5728,5728.xml,0,Residential
5730,5730.xml,0,Residential
5769,5769.xml,0,Residential
5876,5876.xml,0,Residential
5921,5921.xml,0,Residential
5932,5932.xml,0,Residential
5971,5971.xml,0,Residential
6018,6018.xml,0,Residential
6078,6078.xml,0,Residential
6089,6089.xml,0,Residential
6096,6096.xml,0,Residential
6101,6101.xml,0,Residential
6129,6129.xml,0,Residential
6242,6242.xml,0,Residential
6253,6253.xml,0,Residential
6263,6263.xml,0,Residential
6287,6287.xml,0,Residential
6353,6353.xml,0,Residential
6366,6366.xml,0,Residential
6403,6403.xml,0,Residential
6433,6433.xml,0,Residential
6441,6441.xml,0,Residential
6483,6483.xml,0,Residential
6541,6541.xml,0,Residential
6568,6568.xml,0,Residential
6611,6611.xml,0,Residential
6621,6621.xml,0,Residential
6660,6660.xml,0,Residential
6715,6715.xml,0,Residential
6737,6737.xml,0,Residential
6862,6862.xml,0,Residential
6929,6929.xml,0,Residential
6943,6943.xml,0,Residential
6961,6961.xml,0,Residential
6974,6974.xml,0,Residential
7010,7010.xml,0,Residential
7015,7015.xml,0,Residential
7048,7048.xml,0,Residential
7057,7057.xml,0,Residential
7183,7183.xml,0,Residential
7194,7194.xml,0,Residential
7213,7213.xml,0,Residential
7214,7214.xml,0,Residential
7224,7224.xml,0,Residential
7243,7243.xml,0,Residential
7335,7335.xml,0,Residential
7354,7354.xml,0,Residential
7375,7375.xml,0,Residential
7380,7380.xml,0,Residential
7429,7429.xml,0,Residential
7457,7457.xml,0,Residential
7480,7480.xml,0,Residential
7530,7530.xml,0,Residential
7544,7544.xml,0,Residential
7549,7549.xml,0,Residential
7565,7565.xml,0,Residential
7567,7567.xml,0,Residential
7661,7661.xml,0,Residential
7678,7678.xml,0,Residential
7771,7771.xml,0,Residential
7824,7824.xml,0,Residential
7826,7826.xml,0,Residential
7851,7851.xml,0,Residential
7932,7932.xml,0,Residential
7940,7940.xml,0,Residential
8015,8015.xml,0,Residential
8021,8021.xml,0,Residential
8036,8036.xml,0,Residential
8042,8042.xml,0,Residential
8074,8074.xml,0,Residential
8077,8077.xml,0,Residential
8128,8128.xml,0,Residential
8130,8130.xml,0,Residential
8131,8131.xml,0,Residential
8142,8142.xml,0,Residential
8211,8211.xml,0,Residential
8241,8241.xml,0,Residential
8317,8317.xml,0,Residential
8344,8344.xml,0,Residential
8361,8361.xml,0,Residential
8374,8374.xml,0,Residential
8465,8465.xml,0,Residential
8475,8475.xml,0,Residential
8478,8478.xml,0,Residential
8512,8512.xml,0,Residential
8566,8566.xml,0,Residential
8602,8602.xml,0,Residential
8618,8618.xml,0,Residential
8707,8707.xml,0,Residential
8738,8738.xml,0,Residential
8833,8833.xml,0,Residential
8865,8865.xml,0,Residential
8892,8892.xml,0,Residential
8894,8894.xml,0,Residential
8995,8995.xml,0,Residential
9006,9006.xml,0,Residential
9007,9007.xml,0,Residential
9029,9029.xml,0,Residential
9051,9051.xml,0,Residential
9075,9075.xml,0,Residential
9076,9076.xml,0,Residential
9113,9113.xml,0,Residential
9130,9130.xml,0,Residential
9132,9132.xml,0,Residential
9141,9141.xml,0,Residential
9177,9177.xml,0,Residential
9206,9206.xml,0,Residential
9214,9214.xml,0,Residential
9250,9250.xml,0,Residential
9308,9308.xml,0,Residential
9320,9320.xml,0,Residential
9346,9346.xml,0,Residential
9354,9354.xml,0,Residential
9371,9371.xml,0,Residential
9374,9374.xml,0,Residential
9395,9395.xml,0,Residential
9408,9408.xml,0,Residential
9517,9517.xml,0,Residential
9558,9558.xml,0,Residential
9580,9580.xml,0,Residential
9592,9592.xml,0,Residential
9641,9641.xml,0,Residential
9721,9721.xml,0,Residential
9741,9741.xml,0,Residential
9859,9859.xml,0,Residential
9972,9972.xml,0,Residential
9983,9983.xml,0,Residential
10009,10009.xml,0,Residential
10047,10047.xml,0,Residential
10122,10122.xml,0,Residential
10137,10137.xml,0,Residential
10156,10156.xml,0,Residential
10174,10174.xml,0,Residential
10175,10175.xml,0,Residential
10225,10225.xml,0,Residential
10344,10344.xml,0,Residential
10349,10349.xml,0,Residential
10394,10394.xml,0,Residential
10484,10484.xml,0,Residential
10661,10661.xml,0,Residential
10806,10806.xml,0,Residential
10809,10809.xml,0,Residential
10828,10828.xml,0,Residential
10848,10848.xml,0,Residential
10855,10855.xml,0,Residential
10860,10860.xml,0,Residential
10881,10881.xml,0,Residential
10918,10918.xml,0,Residential
10970,10970.xml,0,Residential
11079,11079.xml,0,Residential
11089,11089.xml,0,Residential
11107,11107.xml,0,Residential
11128,11128.xml,0,Residential
11278,11278.xml,0,Residential
11282,11282.xml,0,Residential
11384,11384.xml,0,Residential
11388,11388.xml,0,Residential
11421,11421.xml,0,Residential
11423,11423.xml,0,Residential
11428,11428.xml,0,Residential
11478,11478.xml,0,Residential
11489,11489.xml,0,Residential
11505,11505.xml,0,Residential
11602,11602.xml,0,Residential
11603,11603.xml,0,Residential
11644,11644.xml,0,Residential
11662,11662.xml,0,Residential
11724,11724.xml,0,Residential
11772,11772.xml,0,Residential
11811,11811.xml,0,Residential
11821,11821.xml,0,Residential
11849,11849.xml,0,Residential
11869,11869.xml,0,Residential
11937,11937.xml,0,Residential
12029,12029.xml,0,Residential
12036,12036.xml,0,Residential
12074,12074.xml,0,Residential
12079,12079.xml,0,Residential
12089,12089.xml,0,Residential
12186,12186.xml,0,Residential
12245,12245.xml,0,Residential
12268,12268.xml,0,Residential
12276,12276.xml,0,Residential
12299,12299.xml,0,Residential
12309,12309.xml,0,Residential
12341,12341.xml,0,Residential
12372,12372.xml,0,Residential
12490,12490.xml,0,Residential
12572,12572.xml,0,Residential
12593,12593.xml,0,Residential
12648,12648.xml,0,Residential
12715,12715.xml,0,Residential
12804,12804.xml,0,Residential
12810,12810.xml,0,Residential
12852,12852.xml,0,Residential
12891,12891.xml,0,Residential
12980,12980.xml,0,Residential
13055,13055.xml,0,Residential
13106,13106.xml,0,Residential
13153,13153.xml,0,Residential
13157,13157.xml,0,Residential
13241,13241.xml,0,Residential
13256,13256.xml,0,Residential
13262,13262.xml,0,Residential
13265,13265.xml,0,Residential
13323,13323.xml,0,Residential
13384,13384.xml,0,Residential
13385,13385.xml,0,Residential
13472,13472.xml,0,Residential
13488,13488.xml,0,Residential
13489,13489.xml,0,Residential
13531,13531.xml,0,Residential
13627,13627.xml,0,Residential
13687,13687.xml,0,Residential
13694,13694.xml,0,Residential
13732,13732.xml,0,Residential
13756,13756.xml,0,Residential
13801,13801.xml,0,Residential
13841,13841.xml,0,Residential
13898,13898.xml,0,Residential
13913,13913.xml,0,Residential
13944,13944.xml,0,Residential
14008,14008.xml,0,Residential
14039,14039.xml,0,Residential
14147,14147.xml,0,Residential
14214,14214.xml,0,Residential
14382,14382.xml,0,Residential
14387,14387.xml,0,Residential
14499,14499.xml,0,Residential
14549,14549.xml,0,Residential
14552,14552.xml,0,Residential
14606,14606.xml,0,Residential
14628,14628.xml,0,Residential
14783,14783.xml,0,Residential
14807,14807.xml,0,Residential
14911,14911.xml,0,Residential
14950,14950.xml,0,Residential
15068,15068.xml,0,Residential
15229,15229.xml,0,Residential
15241,15241.xml,0,Residential
15412,15412.xml,0,Residential
15431,15431.xml,0,Residential
15451,15451.xml,0,Residential
15542,15542.xml,0,Residential
15632,15632.xml,0,Residential
15637,15637.xml,0,Residential
15724,15724.xml,0,Residential
15739,15739.xml,0,Residential
15907,15907.xml,0,Residential
15964,15964.xml,0,Residential
16049,16049.xml,0,Residential
16086,16086.xml,0,Residential
16129,16129.xml,0,Residential
16298,16298.xml,0,Residential
16330,16330.xml,0,Residential
16441,16441.xml,0,Residential
16456,16456.xml,0,Residential
16467,16467.xml,0,Residential
16615,16615.xml,0,Residential
16674,16674.xml,0,Residential
16692,16692.xml,0,Residential
16696,16696.xml,0,Residential
16773,16773.xml,0,Residential
16799,16799.xml,0,Residential
16940,16940.xml,0,Residential
16997,16997.xml,0,Residential
17152,17152.xml,0,Residential
17289,17289.xml,0,Residential
17359,17359.xml,0,Residential
17400,17400.xml,0,Residential
17411,17411.xml,0,Residential
17574,17574.xml,0,Residential
17709,17709.xml,0,Residential
17733,17733.xml,0,Residential
17794,17794.xml,0,Residential
17816,17816.xml,0,Residential
17843,17843.xml,0,Residential
18021,18021.xml,0,Residential
18069,18069.xml,0,Residential
18232,18232.xml,0,Residential
18259,18259.xml,0,Residential
18617,18617.xml,0,Residential
18649,18649.xml,0,Residential
18843,18843.xml,0,Residential
19036,19036.xml,0,Residential
19146,19146.xml,0,Residential
19148,19148.xml,0,Residential
19339,19339.xml,0,Residential
19380,19380.xml,0,Residential
19457,19457.xml,0,Residential
19479,19479.xml,0,Residential
19657,19657.xml,0,Residential
19813,19813.xml,0,Residential
20033,20033.xml,0,Residential
20180,20180.xml,0,Residential
20239,20239.xml,0,Residential
20325,20325.xml,0,Residential
20804,20804.xml,0,Residential
21047,21047.xml,0,Residential
21067,21067.xml,0,Residential
21128,21128.xml,0,Residential
21190,21190.xml,0,Residential
21352,21352.xml,0,Residential
21606,21606.xml,0,Residential
21669,21669.xml,0,Residential
21790,21790.xml,0,Residential
21961,21961.xml,0,Residential
22132,22132.xml,0,Residential
22150,22150.xml,0,Residential
22601,22601.xml,0,Residential
22631,22631.xml,0,Residential
22806,22806.xml,0,Residential
22827,22827.xml,0,Residential
22981,22981.xml,0,Residential
23020,23020.xml,0,Residential
23124,23124.xml,0,Residential
23135,23135.xml,0,Residential
23550,23550.xml,0,Residential
23657,23657.xml,0,Residential
23679,23679.xml,0,Residential
23864,23864.xml,0,Residential
24692,24692.xml,0,Residential
24753,24753.xml,0,Residential
24778,24778.xml,0,Residential
24810,24810.xml,0,Residential
25153,25153.xml,0,Residential
25765,25765.xml,0,Residential
25782,25782.xml,0,Residential
26180,26180.xml,0,Residential
26272,26272.xml,0,Residential
26783,26783.xml,0,Residential
27036,27036.xml,0,Residential
27145,27145.xml,0,Residential
27171,27171.xml,0,Residential
27884,27884.xml,0,Residential
28701,28701.xml,0,Residential
28707,28707.xml,0,Residential
28762,28762.xml,0,Residential
28768,28768.xml,0,Residential
28770,28770.xml,0,Residential
29438,29438.xml,0,Residential
29878,29878.xml,0,Residential
29987,29987.xml,0,Residential
30242,30242.xml,0,Residential
30409,30409.xml,0,Residential
30678,30678.xml,0,Residential
30692,30692.xml,0,Residential
31189,31189.xml,0,Residential
31504,31504.xml,0,Residential
31603,31603.xml,0,Residential
31657,31657.xml,0,Residential
31722,31722.xml,0,Residential
31993,31993.xml,0,Residential
32273,32273.xml,0,Residential
32912,32912.xml,0,Residential
32947,32947.xml,0,Residential
33164,33164.xml,0,Residential
33213,33213.xml,0,Residential
34396,34396.xml,0,Residential
34811,34811.xml,0,Residential
35192,35192.xml,0,Residential
35325,35325.xml,0,Residential
36385,36385.xml,0,Residential
36736,36736.xml,0,Residential
37302,37302.xml,0,Residential
37368,37368.xml,0,Residential
37769,37769.xml,0,Residential
38489,38489.xml,0,Residential
39109,39109.xml,0,Residential
39400,39400.xml,0,Residential
40029,40029.xml,0,Residential
40191,40191.xml,0,Residential
40411,40411.xml,0,Residential
40972,40972.xml,0,Residential
41042,41042.xml,0,Residential
41060,41060.xml,0,Residential
41750,41750.xml,0,Residential
43035,43035.xml,0,Residential
43219,43219.xml,0,Residential
43226,43226.xml,0,Residential
43315,43315.xml,0,Residential
43957,43957.xml,0,Residential
44052,44052.xml,0,Residential
44358,44358.xml,0,Residential
44437,44437.xml,0,Residential
44593,44593.xml,0,Residential
44604,44604.xml,0,Residential
46068,46068.xml,0,Residential
46323,46323.xml,0,Residential
49729,49729.xml,0,Residential
57480,57480.xml,0,Residential
59116,59116.xml,0,Residential
60632,60632.xml,0,Residential
61636,61636.xml,0,Residential
62044,62044.xml,0,Residential
65102,65102.xml,0,Residential
65389,65389.xml,0,Residential
66035,66035.xml,0,Residential
66051,66051.xml,0,Residential
70515,70515.xml,0,Residential
71748,71748.xml,0,Residential
72579,72579.xml,0,Residential
73796,73796.xml,0,Residential
77284,77284.xml,0,Residential
77985,77985.xml,0,Residential
80197,80197.xml,0,Residential
83589,83589.xml,0,Residential
86475,86475.xml,0,Residential
88034,88034.xml,0,Residential
89802,89802.xml,0,Residential
98884,98884.xml,0,Residential
100839,100839.xml,0,Residential
100879,100879.xml,0,Residential
102690,102690.xml,0,Residential
112869,112869.xml,0,Residential
119332,119332.xml,0,Residential
127826,127826.xml,0,Residential
148610,148610.xml,0,Residential
152959,152959.xml,0,Residential
151,151.xml,1,Retail
237,237.xml,1,Retail
377,377.xml,1,Retail
463,463.xml,1,Retail
473,473.xml,1,Retail
557,557.xml,1,Retail
644,644.xml,1,Retail
798,798.xml,1,Retail
816,816.xml,1,Retail
923,923.xml,1,Retail
1015,1015.xml,1,Retail
1152,1152.xml,1,Retail
1405,1405.xml,1,Retail
1443,1443.xml,1,Retail
1444,1444.xml,1,Retail
1479,1479.xml,1,Retail
1528,1528.xml,1,Retail
1538,1538.xml,1,Retail
1558,1558.xml,1,Retail
1584,1584.xml,0,Retail
1598,1598.xml,0,Retail
1668,1668.xml,0,Retail
1715,1715.xml,0,Retail
1747,1747.xml,0,Retail
1826,1826.xml,0,Retail
1866,1866.xml,0,Retail
1884,1884.xml,0,Retail
1998,1998.xml,0,Retail
2011,2011.xml,0,Retail
2035,2035.xml,0,Retail
2091,2091.xml,0,Retail
2149,2149.xml,0,Retail
2151,2151.xml,0,Retail
2166,2166.xml,0,Retail
2175,2175.xml,0,Retail
2206,2206.xml,0,Retail
2214,2214.xml,0,Retail
2270,2270.xml,0,Retail
2275,2275.xml,0,Retail
2297,2297.xml,0,Retail
2306,2306.xml,0,Retail
2441,2441.xml,0,Retail
2448,2448.xml,0,Retail
2475,2475.xml,0,Retail
2536,2536.xml,0,Retail
2552,2552.xml,0,Retail
2624,2624.xml,0,Retail
2651,2651.xml,0,Retail
2670,2670.xml,0,Retail
2708,2708.xml,0,Retail
2718,2718.xml,0,Retail
2742,2742.xml,0,Retail
2756,2756.xml,0,Retail
2807,2807.xml,0,Retail
2814,2814.xml,0,Retail
2827,2827.xml,0,Retail
2868,2868.xml,0,Retail
2892,2892.xml,0,Retail
2941,2941.xml,0,Retail
2969,2969.xml,0,Retail
2984,2984.xml,0,Retail
3067,3067.xml,0,Retail
3117,3117.xml,0,Retail
3198,3198.xml,0,Retail
3257,3257.xml,0,Retail
3260,3260.xml,0,Retail
3265,3265.xml,0,Retail
3310,3310.xml,0,Retail
3350,3350.xml,0,Retail
3393,3393.xml,0,Retail
3425,3425.xml,0,Retail
3453,3453.xml,0,Retail
3480,3480.xml,0,Retail
3501,3501.xml,0,Retail
3509,3509.xml,0,Retail
3552,3552.xml,0,Retail
3553,3553.xml,0,Retail
3593,3593.xml,0,Retail
3634,3634.xml,0,Retail
3640,3640.xml,0,Retail
3655,3655.xml,0,Retail
3656,3656.xml,0,Retail
3700,3700.xml,0,Retail
3761,3761.xml,0,Retail
3778,3778.xml,0,Retail
3782,3782.xml,0,Retail
3783,3783.xml,0,Retail
3830,3830.xml,0,Retail
3859,3859.xml,0,Retail
3876,3876.xml,0,Retail
3886,3886.xml,0,Retail
3911,3911.xml,0,Retail
3926,3926.xml,0,Retail
4011,4011.xml,0,Retail
4051,4051.xml,0,Retail
4073,4073.xml,0,Retail
4090,4090.xml,0,Retail
4096,4096.xml,0,Retail
4107,4107.xml,0,Retail
4127,4127.xml,0,Retail
4142,4142.xml,0,Retail
4146,4146.xml,0,Retail
4153,4153.xml,0,Retail
4166,4166.xml,0,Retail
4207,4207.xml,0,Retail
4241,4241.xml,0,Retail
4292,4292.xml,0,Retail
4305,4305.xml,0,Retail
4455,4455.xml,0,Retail
4474,4474.xml,0,Retail
4487,4487.xml,0,Retail
4492,4492.xml,0,Retail
4511,4511.xml,0,Retail
4525,4525.xml,0,Retail
4550,4550.xml,0,Retail
4567,4567.xml,0,Retail
4599,4599.xml,0,Retail
4650,4650.xml,0,Retail
4675,4675.xml,0,Retail
4685,4685.xml,0,Retail
4697,4697.xml,0,Retail
4705,4705.xml,0,Retail
4721,4721.xml,0,Retail
4763,4763.xml,0,Retail
4765,4765.xml,0,Retail
4801,4801.xml,0,Retail
4806,4806.xml,0,Retail
4811,4811.xml,0,Retail
4822,4822.xml,0,Retail
4904,4904.xml,0,Retail
4905,4905.xml,0,Retail
4911,4911.xml,0,Retail
4920,4920.xml,0,Retail
4960,4960.xml,0,Retail
4977,4977.xml,0,Retail
5000,5000.xml,0,Retail
5001,5001.xml,0,Retail
5024,5024.xml,0,Retail
5029,5029.xml,0,Retail
5080,5080.xml,0,Retail
5082,5082.xml,0,Retail
5091,5091.xml,0,Retail
5140,5140.xml,0,Retail
5154,5154.xml,0,Retail
5159,5159.xml,0,Retail
5163,5163.xml,0,Retail
5199,5199.xml,0,Retail
5296,5296.xml,0,Retail
5337,5337.xml,0,Retail
5384,5384.xml,0,Retail
5400,5400.xml,0,Retail
5405,5405.xml,0,Retail
5409,5409.xml,0,Retail
5434,5434.xml,0,Retail
5472,5472.xml,0,Retail
5476,5476.xml,0,Retail
5489,5489.xml,0,Retail
5490,5490.xml,0,Retail
5523,5523.xml,0,Retail
5578,5578.xml,0,Retail
5612,5612.xml,0,Retail
5636,5636.xml,0,Retail
5646,5646.xml,0,Retail
5649,5649.xml,0,Retail
5701,5701.xml,0,Retail
5720,5720.xml,0,Retail
5741,5741.xml,0,Retail
5756,5756.xml,0,Retail
5772,5772.xml,0,Retail
5805,5805.xml,0,Retail
5822,5822.xml,0,Retail
5837,5837.xml,0,Retail
5855,5855.xml,0,Retail
5867,5867.xml,0,Retail
5885,5885.xml,0,Retail
5901,5901.xml,0,Retail
5915,5915.xml,0,Retail
5955,5955.xml,0,Retail
5983,5983.xml,0,Retail
6006,6006.xml,0,Retail
6013,6013.xml,0,Retail
6017,6017.xml,0,Retail
6022,6022.xml,0,Retail
6025,6025.xml,0,Retail
6063,6063.xml,0,Retail
6083,6083.xml,0,Retail
6115,6115.xml,0,Retail
6120,6120.xml,0,Retail
6154,6154.xml,0,Retail
6174,6174.xml,0,Retail
6197,6197.xml,0,Retail
6233,6233.xml,0,Retail
6251,6251.xml,0,Retail
6267,6267.xml,0,Retail
6306,6306.xml,0,Retail
6380,6380.xml,0,Retail
6393,6393.xml,0,Retail
6395,6395.xml,0,Retail
6415,6415.xml,0,Retail
6434,6434.xml,0,Retail
6474,6474.xml,0,Retail
6499,6499.xml,0,Retail
6533,6533.xml,0,Retail
6546,6546.xml,0,Retail
6550,6550.xml,0,Retail
6640,6640.xml,0,Retail
6661,6661.xml,0,Retail
6688,6688.xml,0,Retail
6703,6703.xml,0,Retail
6781,6781.xml,0,Retail
6793,6793.xml,0,Retail
6805,6805.xml,0,Retail
6832,6832.xml,0,Retail
6857,6857.xml,0,Retail
6881,6881.xml,0,Retail
6920,6920.xml,0,Retail
7013,7013.xml,0,Retail
7022,7022.xml,0,Retail
7072,7072.xml,0,Retail
7126,7126.xml,0,Retail
7139,7139.xml,0,Retail
7156,7156.xml,0,Retail
7161,7161.xml,0,Retail
7164,7164.xml,0,Retail
7192,7192.xml,0,Retail
7207,7207.xml,0,Retail
7242,7242.xml,0,Retail
7265,7265.xml,0,Retail
7321,7321.xml,0,Retail
7336,7336.xml,0,Retail
7353,7353.xml,0,Retail
7359,7359.xml,0,Retail
7363,7363.xml,0,Retail
7373,7373.xml,0,Retail
7398,7398.xml,0,Retail
7430,7430.xml,0,Retail
7474,7474.xml,0,Retail
7495,7495.xml,0,Retail
7504,7504.xml,0,Retail
7507,7507.xml,0,Retail
7508,7508.xml,0,Retail
7514,7514.xml,0,Retail
7524,7524.xml,0,Retail
7548,7548.xml,0,Retail
7562,7562.xml,0,Retail
7607,7607.xml,0,Retail
7614,7614.xml,0,Retail
7619,7619.xml,0,Retail
7647,7647.xml,0,Retail
7658,7658.xml,0,Retail
7663,7663.xml,0,Retail
7671,7671.xml,0,Retail
7684,7684.xml,0,Retail
7700,7700.xml,0,Retail
7719,7719.xml,0,Retail
7726,7726.xml,0,Retail
7731,7731.xml,0,Retail
7741,7741.xml,0,Retail
7765,7765.xml,0,Retail
7773,7773.xml,0,Retail
7785,7785.xml,0,Retail
7801,7801.xml,0,Retail
7804,7804.xml,0,Retail
7827,7827.xml,0,Retail
7835,7835.xml,0,Retail
7858,7858.xml,0,Retail
7874,7874.xml,0,Retail
7907,7907.xml,0,Retail
7942,7942.xml,0,Retail
8011,8011.xml,0,Retail
8066,8066.xml,0,Retail
8137,8137.xml,0,Retail
8149,8149.xml,0,Retail
8171,8171.xml,0,Retail
8182,8182.xml,0,Retail
8202,8202.xml,0,Retail
8232,8232.xml,0,Retail
8327,8327.xml,0,Retail
8346,8346.xml,0,Retail
8359,8359.xml,0,Retail
8370,8370.xml,0,Retail
8378,8378.xml,0,Retail
8411,8411.xml,0,Retail
8415,8415.xml,0,Retail
8418,8418.xml,0,Retail
8432,8432.xml,0,Retail
8434,8434.xml,0,Retail
8440,8440.xml,0,Retail
8458,8458.xml,0,Retail
8460,8460.xml,0,Retail
8462,8462.xml,0,Retail
8470,8470.xml,0,Retail
8473,8473.xml,0,Retail
8489,8489.xml,0,Retail
8498,8498.xml,0,Retail
8500,8500.xml,0,Retail
8519,8519.xml,0,Retail
8531,8531.xml,0,Retail
8536,8536.xml,0,Retail
8614,8614.xml,0,Retail
8627,8627.xml,0,Retail
8634,8634.xml,0,Retail
8637,8637.xml,0,Retail
8659,8659.xml,0,Retail
8662,8662.xml,0,Retail
8712,8712.xml,0,Retail
8721,8721.xml,0,Retail
8751,8751.xml,0,Retail
8762,8762.xml,0,Retail
8769,8769.xml,0,Retail
8776,8776.xml,0,Retail
8814,8814.xml,0,Retail
8867,8867.xml,0,Retail
8954,8954.xml,0,Retail
9030,9030.xml,0,Retail
9043,9043.xml,0,Retail
9055,9055.xml,0,Retail
9061,9061.xml,0,Retail
9107,9107.xml,0,Retail
9126,9126.xml,0,Retail
9157,9157.xml,0,Retail
9169,9169.xml,0,Retail
9225,9225.xml,0,Retail
9255,9255.xml,0,Retail
9281,9281.xml,0,Retail
9315,9315.xml,0,Retail
9317,9317.xml,0,Retail
9339,9339.xml,0,Retail
9377,9377.xml,0,Retail
9433,9433.xml,0,Retail
9443,9443.xml,0,Retail
9484,9484.xml,0,Retail
9486,9486.xml,0,Retail
9534,9534.xml,0,Retail
9545,9545.xml,0,Retail
9565,9565.xml,0,Retail
9567,9567.xml,0,Retail
9593,9593.xml,0,Retail
9648,9648.xml,0,Retail
9693,9693.xml,0,Retail
9711,9711.xml,0,Retail
9738,9738.xml,0,Retail
9784,9784.xml,0,Retail
9851,9851.xml,0,Retail
9869,9869.xml,0,Retail
9895,9895.xml,0,Retail
9923,9923.xml,0,Retail
9954,9954.xml,0,Retail
9960,9960.xml,0,Retail
10016,10016.xml,0,Retail
10099,10099.xml,0,Retail
10159,10159.xml,0,Retail
10199,10199.xml,0,Retail
10229,10229.xml,0,Retail
10244,10244.xml,0,Retail
10311,10311.xml,0,Retail
10320,10320.xml,0,Retail
10330,10330.xml,0,Retail
10338,10338.xml,0,Retail
10367,10367.xml,0,Retail
10369,10369.xml,0,Retail
10374,10374.xml,0,Retail
10403,10403.xml,0,Retail
10436,10436.xml,0,Retail
10455,10455.xml,0,Retail
10466,10466.xml,0,Retail
10468,10468.xml,0,Retail
10533,10533.xml,0,Retail
10559,10559.xml,0,Retail
10575,10575.xml,0,Retail
10634,10634.xml,0,Retail
10726,10726.xml,0,Retail
10727,10727.xml,0,Retail
10737,10737.xml,0,Retail
10757,10757.xml,0,Retail
10780,10780.xml,0,Retail
10793,10793.xml,0,Retail
10797,10797.xml,0,Retail
10814,10814.xml,0,Retail
10830,10830.xml,0,Retail
10834,10834.xml,0,Retail
10845,10845.xml,0,Retail
10850,10850.xml,0,Retail
10866,10866.xml,0,Retail
10874,10874.xml,0,Retail
10891,10891.xml,0,Retail
10892,10892.xml,0,Retail
10912,10912.xml,0,Retail
10959,10959.xml,0,Retail
10969,10969.xml,0,Retail
10980,10980.xml,0,Retail
11034,11034.xml,0,Retail
11041,11041.xml,0,Retail
11050,11050.xml,0,Retail
11148,11148.xml,0,Retail
11194,11194.xml,0,Retail
11206,11206.xml,0,Retail
11210,11210.xml,0,Retail
11225,11225.xml,0,Retail
11231,11231.xml,0,Retail
11246,11246.xml,0,Retail
11253,11253.xml,0,Retail
11285,11285.xml,0,Retail
11301,11301.xml,0,Retail
11314,11314.xml,0,Retail
11344,11344.xml,0,Retail
11352,11352.xml,0,Retail
11372,11372.xml,0,Retail
11379,11379.xml,0,Retail
11407,11407.xml,0,Retail
11414,11414.xml,0,Retail
11440,11440.xml,0,Retail
11455,11455.xml,0,Retail
11535,11535.xml,0,Retail
11551,11551.xml,0,Retail
11585,11585.xml,0,Retail
11587,11587.xml,0,Retail
11628,11628.xml,0,Retail
11681,11681.xml,0,Retail
11699,11699.xml,0,Retail
11742,11742.xml,0,Retail
11770,11770.xml,0,Retail
11775,11775.xml,0,Retail
11783,11783.xml,0,Retail
11785,11785.xml,0,Retail
11886,11886.xml,0,Retail
11888,11888.xml,0,Retail
11917,11917.xml,0,Retail
12017,12017.xml,0,Retail
12028,12028.xml,0,Retail
12058,12058.xml,0,Retail
12059,12059.xml,0,Retail
12064,12064.xml,0,Retail
12085,12085.xml,0,Retail
12096,12096.xml,0,Retail
12106,12106.xml,0,Retail
12127,12127.xml,0,Retail
12153,12153.xml,0,Retail
12163,12163.xml,0,Retail
12176,12176.xml,0,Retail
12229,12229.xml,0,Retail
12232,12232.xml,0,Retail
12247,12247.xml,0,Retail
12266,12266.xml,0,Retail
12297,12297.xml,0,Retail
12301,12301.xml,0,Retail
12303,12303.xml,0,Retail
12306,12306.xml,0,Retail
12317,12317.xml,0,Retail
12354,12354.xml,0,Retail
12381,12381.xml,0,Retail
12456,12456.xml,0,Retail
12465,12465.xml,0,Retail
12497,12497.xml,0,Retail
12563,12563.xml,0,Retail
12580,12580.xml,0,Retail
12603,12603.xml,0,Retail
12607,12607.xml,0,Retail
12651,12651.xml,0,Retail
12723,12723.xml,0,Retail
12732,12732.xml,0,Retail
12741,12741.xml,0,Retail
12762,12762.xml,0,Retail
12768,12768.xml,0,Retail
12800,12800.xml,0,Retail
12824,12824.xml,0,Retail
12887,12887.xml,0,Retail
12912,12912.xml,0,Retail
12942,12942.xml,0,Retail
12969,12969.xml,0,Retail
13017,13017.xml,0,Retail
13022,13022.xml,0,Retail
13026,13026.xml,0,Retail
13030,13030.xml,0,Retail
13060,13060.xml,0,Retail
13080,13080.xml,0,Retail
13126,13126.xml,0,Retail
13128,13128.xml,0,Retail
13161,13161.xml,0,Retail
13188,13188.xml,0,Retail
13207,13207.xml,0,Retail
13284,13284.xml,0,Retail
13285,13285.xml,0,Retail
13287,13287.xml,0,Retail
13300,13300.xml,0,Retail
13304,13304.xml,0,Retail
13337,13337.xml,0,Retail
13347,13347.xml,0,Retail
13382,13382.xml,0,Retail
13386,13386.xml,0,Retail
13438,13438.xml,0,Retail
13658,13658.xml,0,Retail
13709,13709.xml,0,Retail
13714,13714.xml,0,Retail
13739,13739.xml,0,Retail
13746,13746.xml,0,Retail
13754,13754.xml,0,Retail
13814,13814.xml,0,Retail
13840,13840.xml,0,Retail
13891,13891.xml,0,Retail
13925,13925.xml,0,Retail
14035,14035.xml,0,Retail
14084,14084.xml,0,Retail
14086,14086.xml,0,Retail
14103,14103.xml,0,Retail
14128,14128.xml,0,Retail
14165,14165.xml,0,Retail
14205,14205.xml,0,Retail
14229,14229.xml,0,Retail
14234,14234.xml,0,Retail
14238,14238.xml,0,Retail
14271,14271.xml,0,Retail
14327,14327.xml,0,Retail
14348,14348.xml,0,Retail
14362,14362.xml,0,Retail
14381,14381.xml,0,Retail
14388,14388.xml,0,Retail
14427,14427.xml,0,Retail
14433,14433.xml,0,Retail
14437,14437.xml,0,Retail
14444,14444.xml,0,Retail
14446,14446.xml,0,Retail
14449,14449.xml,0,Retail
14486,14486.xml,0,Retail
14506,14506.xml,0,Retail
14539,14539.xml,0,Retail
14597,14597.xml,0,Retail
14603,14603.xml,0,Retail
14654,14654.xml,0,Retail
14666,14666.xml,0,Retail
14726,14726.xml,0,Retail
14758,14758.xml,0,Retail
14761,14761.xml,0,Retail
14789,14789.xml,0,Retail
14814,14814.xml,0,Retail
14817,14817.xml,0,Retail
14848,14848.xml,0,Retail
14855,14855.xml,0,Retail
14868,14868.xml,0,Retail
14913,14913.xml,0,Retail
14948,14948.xml,0,Retail
14977,14977.xml,0,Retail
15010,15010.xml,0,Retail
15071,15071.xml,0,Retail
15112,15112.xml,0,Retail
15144,15144.xml,0,Retail
15152,15152.xml,0,Retail
15197,15197.xml,0,Retail
15250,15250.xml,0,Retail
15280,15280.xml,0,Retail
15296,15296.xml,0,Retail
15519,15519.xml,0,Retail
15521,15521.xml,0,Retail
15569,15569.xml,0,Retail
15571,15571.xml,0,Retail
15576,15576.xml,0,Retail
15607,15607.xml,0,Retail
15671,15671.xml,0,Retail
15686,15686.xml,0,Retail
15700,15700.xml,0,Retail
15730,15730.xml,0,Retail
15790,15790.xml,0,Retail
15805,15805.xml,0,Retail
15832,15832.xml,0,Retail
15861,15861.xml,0,Retail
15869,15869.xml,0,Retail
15878,15878.xml,0,Retail
15914,15914.xml,0,Retail
15915,15915.xml,0,Retail
15988,15988.xml,0,Retail
15993,15993.xml,0,Retail
16006,16006.xml,0,Retail
16017,16017.xml,0,Retail
16121,16121.xml,0,Retail
16185,16185.xml,0,Retail
16186,16186.xml,0,Retail
16226,16226.xml,0,Retail
16244,16244.xml,0,Retail
16300,16300.xml,0,Retail
16409,16409.xml,0,Retail
16415,16415.xml,0,Retail
16451,16451.xml,0,Retail
16476,16476.xml,0,Retail
16499,16499.xml,0,Retail
16507,16507.xml,0,Retail
16529,16529.xml,0,Retail
16555,16555.xml,0,Retail
16571,16571.xml,0,Retail
16576,16576.xml,0,Retail
16644,16644.xml,0,Retail
16681,16681.xml,0,Retail
16725,16725.xml,0,Retail
16781,16781.xml,0,Retail
16786,16786.xml,0,Retail
16801,16801.xml,0,Retail
16814,16814.xml,0,Retail
16897,16897.xml,0,Retail
16978,16978.xml,0,Retail
17001,17001.xml,0,Retail
17011,17011.xml,0,Retail
17063,17063.xml,0,Retail
17076,17076.xml,0,Retail
17122,17122.xml,0,Retail
17126,17126.xml,0,Retail
17129,17129.xml,0,Retail
17159,17159.xml,0,Retail
17203,17203.xml,0,Retail
17236,17236.xml,0,Retail
17255,17255.xml,0,Retail
17269,17269.xml,0,Retail
17272,17272.xml,0,Retail
17303,17303.xml,0,Retail
17313,17313.xml,0,Retail
17391,17391.xml,0,Retail
17412,17412.xml,0,Retail
17415,17415.xml,0,Retail
17420,17420.xml,0,Retail
17426,17426.xml,0,Retail
17430,17430.xml,0,Retail
17448,17448.xml,0,Retail
17453,17453.xml,0,Retail
17485,17485.xml,0,Retail
17519,17519.xml,0,Retail
17555,17555.xml,0,Retail
17599,17599.xml,0,Retail
17600,17600.xml,0,Retail
17615,17615.xml,0,Retail
17641,17641.xml,0,Retail
17651,17651.xml,0,Retail
17669,17669.xml,0,Retail
17699,17699.xml,0,Retail
17704,17704.xml,0,Retail
17728,17728.xml,0,Retail
17738,17738.xml,0,Retail
17776,17776.xml,0,Retail
17785,17785.xml,0,Retail
17804,17804.xml,0,Retail
17818,17818.xml,0,Retail
17872,17872.xml,0,Retail
17887,17887.xml,0,Retail
17902,17902.xml,0,Retail
17941,17941.xml,0,Retail
17973,17973.xml,0,Retail
17999,17999.xml,0,Retail
18015,18015.xml,0,Retail
18027,18027.xml,0,Retail
18034,18034.xml,0,Retail
18035,18035.xml,0,Retail
18039,18039.xml,0,Retail
18051,18051.xml,0,Retail
18053,18053.xml,0,Retail
18118,18118.xml,0,Retail
18155,18155.xml,0,Retail
18156,18156.xml,0,Retail
18164,18164.xml,0,Retail
18193,18193.xml,0,Retail
18201,18201.xml,0,Retail
18211,18211.xml,0,Retail
18212,18212.xml,0,Retail
18222,18222.xml,0,Retail
18248,18248.xml,0,Retail
18269,18269.xml,0,Retail
18289,18289.xml,0,Retail
18304,18304.xml,0,Retail
18326,18326.xml,0,Retail
18355,18355.xml,0,Retail
18358,18358.xml,0,Retail
18374,18374.xml,0,Retail
18393,18393.xml,0,Retail
18413,18413.xml,0,Retail
18461,18461.xml,0,Retail
18473,18473.xml,0,Retail
18555,18555.xml,0,Retail
18574,18574.xml,0,Retail
18576,18576.xml,0,Retail
18722,18722.xml,0,Retail
18749,18749.xml,0,Retail
18753,18753.xml,0,Retail
18779,18779.xml,0,Retail
18805,18805.xml,0,Retail
18852,18852.xml,0,Retail
18876,18876.xml,0,Retail
18951,18951.xml,0,Retail
18982,18982.xml,0,Retail
18985,18985.xml,0,Retail
19015,19015.xml,0,Retail
19016,19016.xml,0,Retail
19029,19029.xml,0,Retail
19077,19077.xml,0,Retail
19139,19139.xml,0,Retail
19166,19166.xml,0,Retail
19220,19220.xml,0,Retail
19259,19259.xml,0,Retail
19293,19293.xml,0,Retail
19301,19301.xml,0,Retail
19439,19439.xml,0,Retail
19528,19528.xml,0,Retail
19566,19566.xml,0,Retail
19586,19586.xml,0,Retail
19601,19601.xml,0,Retail
19717,19717.xml,0,Retail
19844,19844.xml,0,Retail
19907,19907.xml,0,Retail
19963,19963.xml,0,Retail
19987,19987.xml,0,Retail
20045,20045.xml,0,Retail
20060,20060.xml,0,Retail
20099,20099.xml,0,Retail
20142,20142.xml,0,Retail
20197,20197.xml,0,Retail
20210,20210.xml,0,Retail
20226,20226.xml,0,Retail
20269,20269.xml,0,Retail
20305,20305.xml,0,Retail
20382,20382.xml,0,Retail
20392,20392.xml,0,Retail
20413,20413.xml,0,Retail
20464,20464.xml,0,Retail
20471,20471.xml,0,Retail
20483,20483.xml,0,Retail
20495,20495.xml,0,Retail
20498,20498.xml,0,Retail
20586,20586.xml,0,Retail
20617,20617.xml,0,Retail
20622,20622.xml,0,Retail
20676,20676.xml,0,Retail
20768,20768.xml,0,Retail
20777,20777.xml,0,Retail
20809,20809.xml,0,Retail
20814,20814.xml,0,Retail
20828,20828.xml,0,Retail
20975,20975.xml,0,Retail
21044,21044.xml,0,Retail
21166,21166.xml,0,Retail
21182,21182.xml,0,Retail
21253,21253.xml,0,Retail
21291,21291.xml,0,Retail
21299,21299.xml,0,Retail
21350,21350.xml,0,Retail
21361,21361.xml,0,Retail
21405,21405.xml,0,Retail
21538,21538.xml,0,Retail
21550,21550.xml,0,Retail
21586,21586.xml,0,Retail
21604,21604.xml,0,Retail
21643,21643.xml,0,Retail
21675,21675.xml,0,Retail
21813,21813.xml,0,Retail
21858,21858.xml,0,Retail
22021,22021.xml,0,Retail
22088,22088.xml,0,Retail
22168,22168.xml,0,Retail
22297,22297.xml,0,Retail
22349,22349.xml,0,Retail
22373,22373.xml,0,Retail
22390,22390.xml,0,Retail
22425,22425.xml,0,Retail
22442,22442.xml,0,Retail
22457,22457.xml,0,Retail
22524,22524.xml,0,Retail
22572,22572.xml,0,Retail
22576,22576.xml,0,Retail
22669,22669.xml,0,Retail
22878,22878.xml,0,Retail
22894,22894.xml,0,Retail
23061,23061.xml,0,Retail
23106,23106.xml,0,Retail
23120,23120.xml,0,Retail
23216,23216.xml,0,Retail
23446,23446.xml,0,Retail
23465,23465.xml,0,Retail
23470,23470.xml,0,Retail
23602,23602.xml,0,Retail
23621,23621.xml,0,Retail
23645,23645.xml,0,Retail
23764,23764.xml,0,Retail
23802,23802.xml,0,Retail
23860,23860.xml,0,Retail
24005,24005.xml,0,Retail
24029,24029.xml,0,Retail
24134,24134.xml,0,Retail
24135,24135.xml,0,Retail
24243,24243.xml,0,Retail
24405,24405.xml,0,Retail
24444,24444.xml,0,Retail
24469,24469.xml,0,Retail
24537,24537.xml,0,Retail
24615,24615.xml,0,Retail
24693,24693.xml,0,Retail
24833,24833.xml,0,Retail
24834,24834.xml,0,Retail
24854,24854.xml,0,Retail
24960,24960.xml,0,Retail
25261,25261.xml,0,Retail
25333,25333.xml,0,Retail
25408,25408.xml,0,Retail
25453,25453.xml,0,Retail
25482,25482.xml,0,Retail
25552,25552.xml,0,Retail
25556,25556.xml,0,Retail
25578,25578.xml,0,Retail
25681,25681.xml,0,Retail
25716,25716.xml,0,Retail
25785,25785.xml,0,Retail
25881,25881.xml,0,Retail
25947,25947.xml,0,Retail
25958,25958.xml,0,Retail
25988,25988.xml,0,Retail
26219,26219.xml,0,Retail
26221,26221.xml,0,Retail
26347,26347.xml,0,Retail
26422,26422.xml,0,Retail
26589,26589.xml,0,Retail
26691,26691.xml,0,Retail
26738,26738.xml,0,Retail
26757,26757.xml,0,Retail
26806,26806.xml,0,Retail
26856,26856.xml,0,Retail
26904,26904.xml,0,Retail
26921,26921.xml,0,Retail
26977,26977.xml,0,Retail
27169,27169.xml,0,Retail
27271,27271.xml,0,Retail
27369,27369.xml,0,Retail
27524,27524.xml,0,Retail
27586,27586.xml,0,Retail
27588,27588.xml,0,Retail
27600,27600.xml,0,Retail
27711,27711.xml,0,Retail
27715,27715.xml,0,Retail
27818,27818.xml,0,Retail
27834,27834.xml,0,Retail
27847,27847.xml,0,Retail
27905,27905.xml,0,Retail
28277,28277.xml,0,Retail
28523,28523.xml,0,Retail
28541,28541.xml,0,Retail
28562,28562.xml,0,Retail
28728,28728.xml,0,Retail
28773,28773.xml,0,Retail
28817,28817.xml,0,Retail
28875,28875.xml,0,Retail
28923,28923.xml,0,Retail
29038,29038.xml,0,Retail
29058,29058.xml,0,Retail
29181,29181.xml,0,Retail
29205,29205.xml,0,Retail
29217,29217.xml,0,Retail
29542,29542.xml,0,Retail
29629,29629.xml,0,Retail
29782,29782.xml,0,Retail
29902,29902.xml,0,Retail
29983,29983.xml,0,Retail
30301,30301.xml,0,Retail
30508,30508.xml,0,Retail
30561,30561.xml,0,Retail
30728,30728.xml,0,Retail
30757,30757.xml,0,Retail
30763,30763.xml,0,Retail
30832,30832.xml,0,Retail
31203,31203.xml,0,Retail
31230,31230.xml,0,Retail
31253,31253.xml,0,Retail
31315,31315.xml,0,Retail
31467,31467.xml,0,Retail
31489,31489.xml,0,Retail
31537,31537.xml,0,Retail
31825,31825.xml,0,Retail
31996,31996.xml,0,Retail
32131,32131.xml,0,Retail
32306,32306.xml,0,Retail
32375,32375.xml,0,Retail
32453,32453.xml,0,Retail
32653,32653.xml,0,Retail
32666,32666.xml,0,Retail
32693,32693.xml,0,Retail
33019,33019.xml,0,Retail
33066,33066.xml,0,Retail
33080,33080.xml,0,Retail
33572,33572.xml,0,Retail
33615,33615.xml,0,Retail
33729,33729.xml,0,Retail
33794,33794.xml,0,Retail
33966,33966.xml,0,Retail
34015,34015.xml,0,Retail
34088,34088.xml,0,Retail
34234,34234.xml,0,Retail
34254,34254.xml,0,Retail
34322,34322.xml,0,Retail
34477,34477.xml,0,Retail
34688,34688.xml,0,Retail
34858,34858.xml,0,Retail
35039,35039.xml,0,Retail
35263,35263.xml,0,Retail
35279,35279.xml,0,Retail
35554,35554.xml,0,Retail
35997,35997.xml,0,Retail
36062,36062.xml,0,Retail
36818,36818.xml,0,Retail
36856,36856.xml,0,Retail
36892,36892.xml,0,Retail
36982,36982.xml,0,Retail
37046,37046.xml,0,Retail
37244,37244.xml,0,Retail
37430,37430.xml,0,Retail
37517,37517.xml,0,Retail
37716,37716.xml,0,Retail
37722,37722.xml,0,Retail
37748,37748.xml,0,Retail
37860,37860.xml,0,Retail
37996,37996.xml,0,Retail
38064,38064.xml,0,Retail
38075,38075.xml,0,Retail
38237,38237.xml,0,Retail
38285,38285.xml,0,Retail
38380,38380.xml,0,Retail
38406,38406.xml,0,Retail
38725,38725.xml,0,Retail
39026,39026.xml,0,Retail
39157,39157.xml,0,Retail
39354,39354.xml,0,Retail
39360,39360.xml,0,Retail
39639,39639.xml,0,Retail
39799,39799.xml,0,Retail
39927,39927.xml,0,Retail
40109,40109.xml,0,Retail
40489,40489.xml,0,Retail
40521,40521.xml,0,Retail
40774,40774.xml,0,Retail
41016,41016.xml,0,Retail
41325,41325.xml,0,Retail
41595,41595.xml,0,Retail
41967,41967.xml,0,Retail
42026,42026.xml,0,Retail
42142,42142.xml,0,Retail
42263,42263.xml,0,Retail
42273,42273.xml,0,Retail
42480,42480.xml,0,Retail
42548,42548.xml,0,Retail
42573,42573.xml,0,Retail
42877,42877.xml,0,Retail
42947,42947.xml,0,Retail
43253,43253.xml,0,Retail
43409,43409.xml,0,Retail
43415,43415.xml,0,Retail
44086,44086.xml,0,Retail
44338,44338.xml,0,Retail
44464,44464.xml,0,Retail
44565,44565.xml,0,Retail
44826,44826.xml,0,Retail
44915,44915.xml,0,Retail
45578,45578.xml,0,Retail
45942,45942.xml,0,Retail
46792,46792.xml,0,Retail
46862,46862.xml,0,Retail
47118,47118.xml,0,Retail
47353,47353.xml,0,Retail
47357,47357.xml,0,Retail
47577,47577.xml,0,Retail
47735,47735.xml,0,Retail
48148,48148.xml,0,Retail
48341,48341.xml,0,Retail
48970,48970.xml,0,Retail
50771,50771.xml,0,Retail
50798,50798.xml,0,Retail
50933,50933.xml,0,Retail
51142,51142.xml,0,Retail
51803,51803.xml,0,Retail
52352,52352.xml,0,Retail
52449,52449.xml,0,Retail
52602,52602.xml,0,Retail
52749,52749.xml,0,Retail
52914,52914.xml,0,Retail
53204,53204.xml,0,Retail
53206,53206.xml,0,Retail
53852,53852.xml,0,Retail
54045,54045.xml,0,Retail
54066,54066.xml,0,Retail
54473,54473.xml,0,Retail
55064,55064.xml,0,Retail
55072,55072.xml,0,Retail
55386,55386.xml,0,Retail
55525,55525.xml,0,Retail
56110,56110.xml,0,Retail
56199,56199.xml,0,Retail
57351,57351.xml,0,Retail
57362,57362.xml,0,Retail
57375,57375.xml,0,Retail
57433,57433.xml,0,Retail
57916,57916.xml,0,Retail
58796,58796.xml,0,Retail
58948,58948.xml,0,Retail
59356,59356.xml,0,Retail
59412,59412.xml,0,Retail
60048,60048.xml,0,Retail
60332,60332.xml,0,Retail
60720,60720.xml,0,Retail
60887,60887.xml,0,Retail
60940,60940.xml,0,Retail
61034,61034.xml,0,Retail
62081,62081.xml,0,Retail
62115,62115.xml,0,Retail
62377,62377.xml,0,Retail
62561,62561.xml,0,Retail
64234,64234.xml,0,Retail
64324,64324.xml,0,Retail
64459,64459.xml,0,Retail
64861,64861.xml,0,Retail
65701,65701.xml,0,Retail
65841,65841.xml,0,Retail
66577,66577.xml,0,Retail
67236,67236.xml,0,Retail
70453,70453.xml,0,Retail
71044,71044.xml,0,Retail
71251,71251.xml,0,Retail
71394,71394.xml,0,Retail
71538,71538.xml,0,Retail
72065,72065.xml,0,Retail
72252,72252.xml,0,Retail
72549,72549.xml,0,Retail
72794,72794.xml,0,Retail
73172,73172.xml,0,Retail
73860,73860.xml,0,Retail
74165,74165.xml,0,Retail
74335,74335.xml,0,Retail
76458,76458.xml,0,Retail
77768,77768.xml,0,Retail
78615,78615.xml,0,Retail
78745,78745.xml,0,Retail
79952,79952.xml,0,Retail
80129,80129.xml,0,Retail
80138,80138.xml,0,Retail
81577,81577.xml,0,Retail
82369,82369.xml,0,Retail
82863,82863.xml,0,Retail
83397,83397.xml,0,Retail
84150,84150.xml,0,Retail
84184,84184.xml,0,Retail
84196,84196.xml,0,Retail
84219,84219.xml,0,Retail
85660,85660.xml,0,Retail
85727,85727.xml,0,Retail
85845,85845.xml,0,Retail
85899,85899.xml,0,Retail
86575,86575.xml,0,Retail
87536,87536.xml,0,Retail
88892,88892.xml,0,Retail
89000,89000.xml,0,Retail
89471,89471.xml,0,Retail
89659,89659.xml,0,Retail
92077,92077.xml,0,Retail
92196,92196.xml,0,Retail
93713,93713.xml,0,Retail
93818,93818.xml,0,Retail
93948,93948.xml,0,Retail
95859,95859.xml,0,Retail
96282,96282.xml,0,Retail
96450,96450.xml,0,Retail
98996,98996.xml,0,Retail
99017,99017.xml,0,Retail
99814,99814.xml,0,Retail
99913,99913.xml,0,Retail
100484,100484.xml,0,Retail
100494,100494.xml,0,Retail
100722,100722.xml,0,Retail
100979,100979.xml,0,Retail
102702,102702.xml,0,Retail
102765,102765.xml,0,Retail
103651,103651.xml,0,Retail
103776,103776.xml,0,Retail
103904,103904.xml,0,Retail
104711,104711.xml,0,Retail
104998,104998.xml,0,Retail
108059,108059.xml,0,Retail
108089,108089.xml,0,Retail
108492,108492.xml,0,Retail
108885,108885.xml,0,Retail
109024,109024.xml,0,Retail
110180,110180.xml,0,Retail
110673,110673.xml,0,Retail
110773,110773.xml,0,Retail
110803,110803.xml,0,Retail
111399,111399.xml,0,Retail
112055,112055.xml,0,Retail
112615,112615.xml,0,Retail
112646,112646.xml,0,Retail
114780,114780.xml,0,Retail
115017,115017.xml,0,Retail
116171,116171.xml,0,Retail
116831,116831.xml,0,Retail
116924,116924.xml,0,Retail
116944,116944.xml,0,Retail
116999,116999.xml,0,Retail
117254,117254.xml,0,Retail
117739,117739.xml,0,Retail
118032,118032.xml,0,Retail
120886,120886.xml,0,Retail
122760,122760.xml,0,Retail
122919,122919.xml,0,Retail
124536,124536.xml,0,Retail
124839,124839.xml,0,Retail
125086,125086.xml,0,Retail
126494,126494.xml,0,Retail
127894,127894.xml,0,Retail
129237,129237.xml,0,Retail
131094,131094.xml,0,Retail
131264,131264.xml,0,Retail
131772,131772.xml,0,Retail
133522,133522.xml,0,Retail
135973,135973.xml,0,Retail
136487,136487.xml,0,Retail
139624,139624.xml,0,Retail
139989,139989.xml,0,Retail
140853,140853.xml,0,Retail
141792,141792.xml,0,Retail
144041,144041.xml,0,Retail
144507,144507.xml,0,Retail
145357,145357.xml,0,Retail
146481,146481.xml,0,Retail
146993,146993.xml,0,Retail
147923,147923.xml,0,Retail
149085,149085.xml,0,Retail
153478,153478.xml,0,Retail
154110,154110.xml,0,Retail
154404,154404.xml,0,Retail
155055,155055.xml,0,Retail
155610,155610.xml,0,Retail
158562,158562.xml,0,Retail
158585,158585.xml,0,Retail
159856,159856.xml,0,Retail
160721,160721.xml,0,Retail
161630,161630.xml,0,Retail
162993,162993.xml,0,Retail
169731,169731.xml,0,Retail
